sector,width,height,gates,win_wave,boss_encounters,boss_units,peak_regular,budget,min_gate_distance,max_gate_distance,ore_Q1,ore_Q2,ore_Q3,ore_Q4,water_tiles,wide_routes,signature
10,280,280,3,15,0,0,15,49,101.9,105.8,1373,1703,1382,1399,8998,3,682093079915607589
41,272,272,2,18,1,1,16,51,97.1,106.4,1042,1199,1032,1276,17637,2,3567059700017479854
83,284,284,2,22,1,1,18,49,106.0,110.0,1366,1708,1391,1383,19679,2,1297416980902469994
11,288,288,2,21,1,1,18,54,102.7,107.7,1378,1648,1328,1335,22007,2,-1923347419659494267
18,284,284,2,25,1,1,18,55,100.1,100.6,1199,1210,1460,1171,23199,2,757148183120248705
32,292,292,2,27,1,1,20,56,99.7,127.0,1537,1247,1258,1279,17407,2,500068899813216925
13,300,300,2,28,1,1,18,54,104.6,110.2,1232,1008,1002,1071,17610,2,-7756681844013399600
59,288,288,3,30,1,1,21,55,100.0,112.4,1234,1163,1445,1176,17056,3,9195606638812314750
30,300,300,3,34,1,1,24,60,107.9,115.7,1516,1211,1255,1202,20879,3,3349295831644080351
52,296,296,4,35,1,1,20,57,103.7,113.8,1309,1309,1290,1569,21063,4,-3467097518361361813
33,292,292,4,36,1,1,20,58,99.5,109.7,1571,1300,1282,1259,16173,4,-5438091042695136069
4,292,292,3,39,1,1,27,59,105.0,111.3,1096,1075,1331,1093,24591,3,-6228941764526810799
50,292,292,4,40,2,2,32,65,90.8,125.2,926,1119,997,1151,19726,4,3021716557476061294
24,304,304,3,43,2,2,27,66,107.4,123.3,1150,1179,1150,1428,25967,3,4284279105921614690
89,308,308,4,43,2,2,20,63,113.5,120.2,1269,1557,1251,1249,29002,4,4910614819527144765
5,300,300,4,47,2,2,36,65,103.9,117.3,1142,1229,1372,1117,13489,4,-1368337726186776910
87,316,316,3,50,2,2,27,66,111.6,122.5,970,941,1187,1054,21088,3,4835243897030443784
1,316,316,4,52,2,2,36,70,118.1,120.6,2001,1695,1625,1599,10550,4,-1005040543433491287
14,312,312,3,54,2,2,27,70,109.9,121.8,1343,1139,1354,1123,10297,3,29972029898466949
17,316,316,3,55,2,2,27,69,109.7,118.1,1092,983,1176,982,18615,3,-9070653601751378167
21,320,320,5,56,2,2,25,74,106.0,126.6,1202,1494,1222,1315,28113,5,-4475120122330894676
61,312,312,4,60,2,2,36,75,109.1,122.0,1599,1327,1349,1292,16522,4,-6101614033154306620
81,312,312,4,61,3,3,36,77,105.2,124.4,1398,1701,1380,1387,18593,4,-2531534955140639066
73,324,324,4,61,3,3,36,77,111.0,128.0,1174,1119,1120,1381,19514,4,-1130896595327860826
37,316,316,4,64,3,3,36,77,111.2,125.1,1228,996,1007,996,25228,4,-691948815445231897
60,336,336,4,68,3,3,36,79,122.4,131.6,963,973,1012,1159,34111,4,1676125122533530173
80,332,332,4,68,3,3,36,81,115.4,131.0,1309,1318,1297,1606,16324,4,598473092480240800
47,340,340,5,71,3,3,45,82,116.4,129.3,1173,1281,1155,1401,20591,5,4991998255169600135
72,328,328,5,73,3,3,45,80,119.5,137.9,979,970,1062,1050,20279,5,2109770188801172947
91,340,340,5,76,3,4,45,82,118.5,144.6,1120,1190,1201,1312,12901,5,419095104656562019
43,348,348,5,76,3,4,40,86,120.4,143.2,1150,1379,1131,1108,12052,5,8953341615506594679
65,336,336,5,77,3,4,40,85,118.5,132.0,1121,1121,1143,1405,26525,5,1860379010351808877
